case,group,scope,m,B,H,R,C,padding,overflow,bound,bound_decimal,exact,exact_pair_bound,best_star,uniform_cover,obligations,potentials,support_visits,max_potential_value_bits,bytes,generation_cpu,checking_cpu,peak_rss_kib
Q001,queue-grid,all-pairs,4,2,2,1,1,0,False,52/25,2.080000000,44/25,44/25,59/25,4,324,324,756,5,12878,0.0027158600000000144,0.007992113999999995,93104
Q001,queue-grid,ordered-chain,4,2,2,1,1,0,False,52/25,2.080000000,,,,,162,162,378,5,6496,0.0010299790000000142,0.003995993999999947,92980
Q002,queue-grid,all-pairs,4,2,2,2,1,0,False,42/25,1.680000000,8/5,42/25,47/25,4,324,324,756,5,12675,0.0021303249999999885,0.007998533999999946,93104
Q002,queue-grid,ordered-chain,4,2,2,2,1,0,False,42/25,1.680000000,,,,,162,162,378,5,6399,0.0017725650000000037,0.003998147999999979,92976
Q003,queue-grid,all-pairs,4,2,2,4,1,0,False,42/25,1.680000000,8/5,42/25,47/25,4,324,324,756,5,12675,0.0026817199999999985,0.0039968580000000475,93104
Q003,queue-grid,ordered-chain,4,2,2,4,1,0,False,42/25,1.680000000,,,,,162,162,378,5,6399,0.0021380420000000067,0.0037732140000000802,92976
Q004,queue-grid,all-pairs,4,2,2,1,1,1/2,False,157/100,1.570000000,29/20,73/50,87/50,13/4,324,324,768,7,13069,0.0060541459999999825,0.003998610999999985,93108
Q004,queue-grid,ordered-chain,4,2,2,1,1,1/2,False,157/100,1.570000000,,,,,162,162,384,7,6608,0.0018895180000000344,0.004014751999999899,92976
Q005,queue-grid,all-pairs,4,2,2,2,1,1/2,False,67/50,1.340000000,13/10,67/50,36/25,5/2,324,324,768,6,12869,0.004726153000000011,0.003993635000000051,93232
Q005,queue-grid,ordered-chain,4,2,2,2,1,1/2,False,67/50,1.340000000,,,,,162,162,384,6,6502,0.0033533289999999605,0.00399664200000005,92976
Q006,queue-grid,all-pairs,4,2,2,4,1,1/2,False,67/50,1.340000000,13/10,67/50,36/25,5/2,324,324,768,6,12869,0.0027281959999999605,0.007996581000000003,93236
Q006,queue-grid,ordered-chain,4,2,2,4,1,1/2,False,67/50,1.340000000,,,,,162,162,384,6,6502,0.0013969900000000424,0.003997526000000029,92976
Q007,queue-grid,all-pairs,4,2,2,1,1,1,False,1,1.000000000,1,1,1,1,324,324,684,1,11777,0.0038567200000000357,0.0040059080000000025,93088
Q007,queue-grid,ordered-chain,4,2,2,1,1,1,False,1,1.000000000,,,,,162,162,342,1,5949,0.0022178680000000117,0.004146101999999985,92976
Q008,queue-grid,all-pairs,4,2,2,2,1,1,False,1,1.000000000,1,1,1,1,324,324,684,1,11777,0.003544806000000067,0.003998351999999983,93100
Q008,queue-grid,ordered-chain,4,2,2,2,1,1,False,1,1.000000000,,,,,162,162,342,1,5949,0.0,0.003826800999999991,92976
Q009,queue-grid,all-pairs,4,2,2,4,1,1,False,1,1.000000000,1,1,1,1,324,324,684,1,11777,0.0037290859999999926,0.003998202999999978,93108
Q009,queue-grid,ordered-chain,4,2,2,4,1,1,False,1,1.000000000,,,,,162,162,342,1,5949,0.0027716529999999295,0.003999322000000083,92976
Q010,queue-grid,all-pairs,4,2,4,1,1,0,False,1732/625,2.771200000,248/125,248/125,1907/625,4,648,540,1512,10,17887,0.007651740000000018,0.004000179000000048,93484
Q010,queue-grid,ordered-chain,4,2,4,1,1,0,False,1732/625,2.771200000,,,,,324,270,756,10,8999,0.002569071000000034,0.0039983749999999985,92976
Q011,queue-grid,all-pairs,4,2,4,2,1,0,False,11/5,2.200000000,46/25,236/125,1531/625,4,648,540,1512,10,17234,0.006938011999999993,0.00400220200000001,93360
Q011,queue-grid,ordered-chain,4,2,4,2,1,0,False,11/5,2.200000000,,,,,324,270,756,10,8672,0.0018308099999999605,0.003996363000000058,92976
Q012,queue-grid,all-pairs,4,2,4,4,1,0,False,1098/625,1.756800000,8/5,212/125,1203/625,4,648,540,1512,10,16705,0.0038450720000000604,0.007997162000000002,93404
Q012,queue-grid,ordered-chain,4,2,4,4,1,0,False,1098/625,1.756800000,,,,,324,270,756,10,8416,0.0,0.007892067000000003,92984
Q013,queue-grid,all-pairs,4,2,4,1,1,1/2,False,20317/10000,2.031700000,823/500,3447/2000,11391/5000,61/16,648,540,1536,14,18212,0.011941470999999981,0.019997927000000026,93488
Q013,queue-grid,ordered-chain,4,2,4,1,1,1/2,False,20317/10000,2.031700000,,,,,324,270,768,14,9213,0.0028185229999999617,0.003998331000000022,92976
Q014,queue-grid,all-pairs,4,2,4,2,1,1/2,False,1028/625,1.644800000,761/500,779/500,2269/1250,13/4,648,540,1536,12,17448,0.010974595000000087,0.016453210999999968,93484
Q014,queue-grid,ordered-chain,4,2,4,2,1,1/2,False,1028/625,1.644800000,,,,,324,270,768,12,8798,0.011308491000000087,0.011476697999999952,93104
Q015,queue-grid,all-pairs,4,2,4,4,1,1/2,False,1723/1250,1.378400000,13/10,337/250,914/625,5/2,648,540,1536,11,16933,0.004716499999999901,0.007999825000000071,93360
Q015,queue-grid,ordered-chain,4,2,4,4,1,1/2,False,1723/1250,1.378400000,,,,,324,270,768,11,8538,0.001275919999999986,0.007996539999999941,92976
Q016,queue-grid,all-pairs,4,2,4,1,1,1,False,1,1.000000000,1,1,1,1,648,540,1368,1,15665,0.007361755999999997,0.007999934999999958,93356
Q016,queue-grid,ordered-chain,4,2,4,1,1,1,False,1,1.000000000,,,,,324,270,684,1,7893,0.0018052240000000497,0.003997370999999972,92976
Q017,queue-grid,all-pairs,4,2,4,2,1,1,False,1,1.000000000,1,1,1,1,648,540,1368,1,15665,0.009988851999999993,0.011058868,93356
Q017,queue-grid,ordered-chain,4,2,4,2,1,1,False,1,1.000000000,,,,,324,270,684,1,7893,0.0009658399999999956,0.00399669299999994,92976
Q018,queue-grid,all-pairs,4,2,4,4,1,1,False,1,1.000000000,1,1,1,1,648,540,1368,1,15665,0.0030751829999999813,0.007999191000000017,93356
Q018,queue-grid,ordered-chain,4,2,4,4,1,1,False,1,1.000000000,,,,,324,270,684,1,7893,0.0,0.0073855409999999955,93100
Q019,queue-grid,all-pairs,4,2,8,1,1,0,False,1365892/390625,3.496683520,,,1424867/390625,4,1296,972,3024,19,29830,0.010623097999999942,0.008000625000000094,93448
Q019,queue-grid,ordered-chain,4,2,8,1,1,0,False,1365892/390625,3.496683520,,,,,648,486,1512,19,14966,0.002757337999999998,0.007999854000000028,93104
Q020,queue-grid,all-pairs,4,2,8,2,1,0,False,1101358/390625,2.819476480,,,1165679/390625,4,1296,972,3024,19,28483,0.008845494999999981,0.011999618000000045,93492
Q020,queue-grid,ordered-chain,4,2,8,2,1,0,False,1101358/390625,2.819476480,,,,,648,486,1512,19,14275,0.004261548000000004,0.007999979000000046,93100
Q021,queue-grid,all-pairs,4,2,8,4,1,0,False,836897/390625,2.142456320,,,896119/390625,4,1296,972,3024,19,26260,0.008685802999999992,0.011998622999999986,93488
Q021,queue-grid,ordered-chain,4,2,8,4,1,0,False,836897/390625,2.142456320,,,,,648,486,1512,19,13187,0.0048828270000000895,0.008000306999999984,93104
Q022,queue-grid,all-pairs,4,2,8,1,1,1/2,False,270859837/100000000,2.708598370,,,148564671/50000000,1021/256,1296,972,3072,27,30851,0.011426089000000084,0.01599964499999995,93492
Q022,queue-grid,ordered-chain,4,2,8,1,1,1/2,False,270859837/100000000,2.708598370,,,,,648,486,1536,27,15714,0.005194344000000073,0.008004358999999961,93104
Q023,queue-grid,all-pairs,4,2,8,2,1,1/2,False,6598251/3125000,2.111440320,,,7249539/3125000,61/16,1296,972,3072,23,28944,0.010597160999999966,0.015682607000000015,93492
Q023,queue-grid,ordered-chain,4,2,8,2,1,1/2,False,6598251/3125000,2.111440320,,,,,648,486,1536,23,14580,0.005053163000000027,0.008001857000000001,93104
Q024,queue-grid,all-pairs,4,2,8,4,1,1/2,False,1265439/781250,1.619761920,,,270073/156250,13/4,1296,972,3072,21,26541,0.009660718999999984,0.011964248000000066,93484
Q024,queue-grid,ordered-chain,4,2,8,4,1,1/2,False,1265439/781250,1.619761920,,,,,648,486,1536,21,13352,0.004562951000000037,0.007999372000000005,93104
Q025,queue-grid,all-pairs,4,2,8,1,1,1,False,1,1.000000000,,,1,1,1296,972,2736,1,23441,0.006800837000000004,0.011998979999999992,93488
Q025,queue-grid,ordered-chain,4,2,8,1,1,1,False,1,1.000000000,,,,,648,486,1368,1,11781,0.0028419009999999245,0.007999743000000059,93112
Q026,queue-grid,all-pairs,4,2,8,2,1,1,False,1,1.000000000,,,1,1,1296,972,2736,1,23441,0.0065695810000000465,0.011999823999999992,93492
Q026,queue-grid,ordered-chain,4,2,8,2,1,1,False,1,1.000000000,,,,,648,486,1368,1,11781,0.002597936000000023,0.007975811999999971,93104
Q027,queue-grid,all-pairs,4,2,8,4,1,1,False,1,1.000000000,,,1,1,1296,972,2736,1,23441,0.009285015000000008,0.007998329999999942,93492
Q027,queue-grid,ordered-chain,4,2,8,4,1,1,False,1,1.000000000,,,,,648,486,1368,1,11781,0.000783236000000076,0.007995112999999998,93104
S001,scale-grid,all-pairs,2,1,4,2,1,3/4,False,167/144,1.159722222,499/432,499/432,167/144,23/16,48,40,96,8,1344,0.000880871999999977,0.0,93108
S001,scale-grid,ordered-chain,2,1,4,2,1,3/4,False,167/144,1.159722222,,,,,48,40,96,8,1348,0.0,0.0,93108
S002,scale-grid,all-pairs,2,1,8,2,1,3/4,False,26831/20736,1.293933256,,,26831/20736,431/256,96,72,192,15,2138,0.0004173820000000772,0.0,93108
S002,scale-grid,ordered-chain,2,1,8,2,1,3/4,False,26831/20736,1.293933256,,,,,96,72,192,15,2142,0.0,0.0017715300000000767,93108
S003,scale-grid,all-pairs,2,1,16,2,1,3/4,False,645604511/429981696,1.501469753,,,645604511/429981696,124511/65536,192,136,384,29,4207,0.0,0.0026613580000000026,93108
S003,scale-grid,ordered-chain,2,1,16,2,1,3/4,False,645604511/429981696,1.501469753,,,,,192,136,384,29,4211,0.0013807609999999526,0.0,93108
S004,scale-grid,all-pairs,2,2,4,2,1,3/4,False,127/108,1.175925926,505/432,505/432,127/108,23/16,108,90,256,9,2984,0.0,0.002371499999999971,93108
S004,scale-grid,ordered-chain,2,2,4,2,1,3/4,False,127/108,1.175925926,,,,,108,90,256,9,2988,0.0,0.0026708749999999615,93108
S005,scale-grid,all-pairs,2,2,8,2,1,3/4,False,185447/139968,1.324924268,,,185447/139968,431/256,216,162,512,20,4783,0.0,0.0038731160000000653,93108
S005,scale-grid,ordered-chain,2,2,8,2,1,3/4,False,185447/139968,1.324924268,,,,,216,162,512,20,4787,0.0,0.0027273589999999848,93108
S006,scale-grid,all-pairs,2,2,16,2,1,3/4,False,360949614079/235092492288,1.535351514,,,360949614079/235092492288,124511/65536,432,306,1024,40,9939,0.003051793000000025,0.003999458999999983,93108
S006,scale-grid,ordered-chain,2,2,16,2,1,3/4,False,360949614079/235092492288,1.535351514,,,,,432,306,1024,40,9943,0.0008109149999999676,0.003999522000000089,93108
S007,scale-grid,all-pairs,2,4,4,2,1,3/4,False,127/108,1.175925926,505/432,505/432,127/108,23/16,300,250,792,9,8224,0.0008720580000000089,0.003996814999999931,93108
S007,scale-grid,ordered-chain,2,4,4,2,1,3/4,False,127/108,1.175925926,,,,,300,250,792,9,8228,0.002613085000000015,0.0037448179999999276,93108
S008,scale-grid,all-pairs,2,4,8,2,1,3/4,False,61793/46656,1.324438443,,,61793/46656,431/256,600,450,1584,20,12935,0.002316571000000045,0.007999819000000019,93232
S008,scale-grid,ordered-chain,2,4,8,2,1,3/4,False,61793/46656,1.324438443,,,,,600,450,1584,20,12939,0.005926256999999935,0.007997854000000082,93108
S009,scale-grid,all-pairs,2,4,16,2,1,3/4,False,359274496421/235092492288,1.528226159,,,359274496421/235092492288,124511/65536,1200,850,3168,40,26774,0.005225478999999922,0.013324139000000068,93616
S009,scale-grid,ordered-chain,2,4,16,2,1,3/4,False,359274496421/235092492288,1.528226159,,,,,1200,850,3168,40,26778,0.006414513000000066,0.011997732999999955,93360
S010,scale-grid,all-pairs,4,1,4,2,1,3/4,False,13111/10000,1.311100000,2549/2000,517/400,876/625,37/16,288,240,576,14,7646,0.0028314870000000214,0.003998139999999983,93108
S010,scale-grid,ordered-chain,4,1,4,2,1,3/4,False,13111/10000,1.311100000,,,,,144,120,288,14,3903,0.0,0.004049648999999933,93108
S011,scale-grid,all-pairs,4,1,8,2,1,3/4,False,158567839/100000000,1.585678390,,,10837719/6250000,781/256,576,432,1152,27,12871,0.0036597730000000883,0.007999301999999986,93108
S011,scale-grid,ordered-chain,4,1,8,2,1,3/4,False,158567839/100000000,1.585678390,,,,,288,216,576,27,6607,0.0,0.0031298969999999926,93108
S012,scale-grid,all-pairs,4,1,16,2,1,3/4,False,20472559297357039/10000000000000000,2.047255930,,,1404502009122009/625000000000000,242461/65536,1152,816,2304,54,27316,0.006350407000000002,0.007903859000000013,93360
S012,scale-grid,ordered-chain,4,1,16,2,1,3/4,False,20472559297357039/10000000000000000,2.047255930,,,,,576,408,1152,54,14228,0.0014663370000000953,0.007995544999999993,93108
S013,scale-grid,all-pairs,4,2,4,2,1,3/4,False,1667/1250,1.333600000,517/400,2619/2000,7151/5000,37/16,648,540,1536,14,17574,0.00632273800000005,0.008002300000000018,93488
S013,scale-grid,ordered-chain,4,2,4,2,1,3/4,False,1667/1250,1.333600000,,,,,324,270,768,14,8871,0.0016832300000000355,0.007995804999999967,93224
S014,scale-grid,all-pairs,4,2,8,2,1,3/4,False,16159759/10000000,1.615975900,,,44235947/25000000,781/256,1296,972,3072,27,29421,0.009725835000000016,0.012066715000000006,93492
S014,scale-grid,ordered-chain,4,2,8,2,1,3/4,False,16159759/10000000,1.615975900,,,,,648,486,1536,27,14876,0.0035390370000000226,0.00799933499999994,93224
S015,scale-grid,all-pairs,4,2,16,2,1,3/4,False,10343235108502409/5000000000000000,2.068647022,,,2815980138111697/1250000000000000,242461/65536,2592,1836,6144,54,63721,0.016818639999999996,0.02399660799999992,93996
S015,scale-grid,ordered-chain,4,2,16,2,1,3/4,False,10343235108502409/5000000000000000,2.068647022,,,,,1296,918,3072,54,32588,0.005820923000000033,0.01599920399999999,93352
S016,scale-grid,all-pairs,4,4,4,2,1,3/4,False,1667/1250,1.333600000,517/400,2619/2000,7151/5000,37/16,1800,1500,4752,14,49188,0.022386473000000073,0.01599989699999993,94256
S016,scale-grid,ordered-chain,4,4,4,2,1,3/4,False,1667/1250,1.333600000,,,,,900,750,2376,14,24683,0.009691120000000053,0.015999969999999974,93360
S017,scale-grid,all-pairs,4,4,8,2,1,3/4,False,3227739/2000000,1.613869500,,,44182263/25000000,781/256,3600,2700,9504,27,79808,0.029559161999999972,0.03599474600000008,94636
S017,scale-grid,ordered-chain,4,4,8,2,1,3/4,False,3227739/2000000,1.613869500,,,,,1800,1350,4752,27,40103,0.015972328000000036,0.019996672999999965,93868
S018,scale-grid,all-pairs,4,4,16,2,1,3/4,False,40741428633609/20000000000000,2.037071432,,,11102440644792209/5000000000000000,242461/65536,7200,5100,19008,54,172993,0.048420266999999906,0.06433927900000003,96296
S018,scale-grid,ordered-chain,4,4,16,2,1,3/4,False,40741428633609/20000000000000,2.037071432,,,,,3600,2550,9504,54,87714,0.023214374000000038,0.044000583999999954,94388
S019,scale-grid,all-pairs,8,1,4,2,1,3/4,False,148957/104976,1.418962430,15745/11664,48427/34992,100105/52488,65/16,1344,1120,2688,17,35476,0.015509339999999927,0.015551563000000046,93996
S019,scale-grid,ordered-chain,8,1,4,2,1,3/4,False,148957/104976,1.418962430,,,,,336,280,672,17,9034,0.002244632999999996,0.003997198999999951,93224
S020,scale-grid,all-pairs,8,1,8,2,1,3/4,False,19917896245/11019960576,1.807438067,,,14594190697/5509980288,1481/256,2688,2016,5376,34,61472,0.023962070999999918,0.023996894000000046,94124
S020,scale-grid,ordered-chain,8,1,8,2,1,3/4,False,19917896245/11019960576,1.807438067,,,,,672,504,1344,34,15829,0.0025190190000000667,0.00799918299999991,93224
S021,scale-grid,all-pairs,8,1,16,2,1,3/4,False,304496806542522805285/121439531096594251776,2.507394452,,,229824911506083095977/60719765548297125888,478361/65536,5376,3808,10752,67,136243,0.03466026999999994,0.04399969700000006,95016
S021,scale-grid,ordered-chain,8,1,16,2,1,3/4,False,304496806542522805285/121439531096594251776,2.507394452,,,,,1344,952,2688,67,36036,0.00644033799999999,0.016036867999999926,93356
S022,scale-grid,all-pairs,8,2,4,2,1,3/4,False,18997/13122,1.447721384,15913/11664,49151/34992,205925/104976,65/16,3024,2520,7168,17,81914,0.03762626499999999,0.039987000999999966,94896
S022,scale-grid,ordered-chain,8,2,4,2,1,3/4,False,18997/13122,1.447721384,,,,,756,630,1792,17,20646,0.006386052999999947,0.012000840999999984,93224
S023,scale-grid,all-pairs,8,2,8,2,1,3/4,False,1266971501/688747536,1.839529631,,,29815272497/11019960576,1481/256,6048,4536,14336,34,140746,0.059335924999999956,0.060000208000000055,95660
S023,scale-grid,ordered-chain,8,2,8,2,1,3/4,False,1266971501/688747536,1.839529631,,,,,1512,1134,3584,34,35709,0.011992424999999973,0.015998700000000032,93488
S024,scale-grid,all-pairs,8,2,16,2,1,3/4,False,38320874314136654287/15179941387074281472,2.524441520,,,457953569269717749125/121439531096594251776,478361/65536,12096,8568,28672,67,318593,0.10734876700000007,0.10784819000000001,98220
S024,scale-grid,ordered-chain,8,2,16,2,1,3/4,False,38320874314136654287/15179941387074281472,2.524441520,,,,,3024,2142,7168,67,82276,0.020963010999999976,0.027999766000000093,94252
S025,scale-grid,all-pairs,8,4,4,2,1,3/4,False,18997/13122,1.447721384,15913/11664,49151/34992,205925/104976,65/16,8400,7000,22176,17,229642,0.1102687080000001,0.08801156799999998,98472
S025,scale-grid,ordered-chain,8,4,4,2,1,3/4,False,18997/13122,1.447721384,,,,,2100,1750,5544,17,57578,0.02988982100000004,0.040001213000000035,94260
S026,scale-grid,all-pairs,8,4,8,2,1,3/4,False,5057266031/2754990144,1.835674818,,,29745316013/11019960576,1481/256,16800,12600,44352,34,380184,0.14595035,0.20800780900000004,101548
S026,scale-grid,ordered-chain,8,4,8,2,1,3/4,False,5057266031/2754990144,1.835674818,,,,,4200,3150,11088,34,95639,0.037390804000000055,0.04800223699999995,95024
S027,scale-grid,all-pairs,8,4,16,2,1,3/4,False,150610638973649811037/60719765548297125888,2.480421945,,,447696468400484831381/121439531096594251776,478361/65536,33600,23800,88704,67,863406,0.249577233,0.3439886940000001,109224
S027,scale-grid,ordered-chain,8,4,16,2,1,3/4,False,150610638973649811037/60719765548297125888,2.480421945,,,,,8400,5950,22176,67,220570,0.07037384899999999,0.09200317400000002,96916
S028,scale-grid,all-pairs,16,1,4,2,1,3/4,False,1984785/1336336,1.485243981,109433/78608,480847/334084,979695/334084,121/16,5760,4800,11520,21,161828,0.07436985500000004,0.05999734999999995,96172
S028,scale-grid,ordered-chain,16,1,4,2,1,3/4,False,1984785/1336336,1.485243981,,,,,720,600,1440,21,20458,0.008728234000000001,0.012007226000000037,93224
S029,scale-grid,all-pairs,16,1,8,2,1,3/4,False,3482202709433/1785793904896,1.949946576,,,2008460054511/446448476224,2881/256,11520,8640,23040,41,293100,0.10458158299999998,0.10000024299999999,98608
S029,scale-grid,ordered-chain,16,1,8,2,1,3/4,False,3482202709433/1785793904896,1.949946576,,,,,1440,1080,2880,41,37252,0.011226952999999984,0.01600112000000009,93488
S030,scale-grid,all-pairs,16,1,16,2,1,3/4,False,9013435616319042053091529/3189059870763703892770816,2.826361367,,,5482064162129199503184399/797264967690925973192704,950161/65536,23040,16320,46080,82,689534,0.16717281000000006,0.23997736199999997,102452
S030,scale-grid,ordered-chain,16,1,16,2,1,3/4,False,9013435616319042053091529/3189059870763703892770816,2.826361367,,,,,2880,2040,5760,82,89075,0.019204431999999994,0.02799991699999993,94128
S031,scale-grid,all-pairs,16,2,4,2,1,3/4,False,14905/9826,1.516893955,110153/78608,487683/334084,1015539/334084,121/16,12960,10800,30720,21,373067,0.17589436599999997,0.17200429400000006,100912
S031,scale-grid,ordered-chain,16,2,4,2,1,3/4,False,14905/9826,1.516893955,,,,,1620,1350,3840,21,46859,0.017321144999999927,0.027911832999999997,93996
S032,scale-grid,all-pairs,16,2,8,2,1,3/4,False,110578556345/55806059528,1.981479382,,,2053501014985/446448476224,2881/256,25920,19440,61440,41,667983,0.252683581,0.2839302199999999,105008
S032,scale-grid,ordered-chain,16,2,8,2,1,3/4,False,110578556345/55806059528,1.981479382,,,,,3240,2430,7680,41,84203,0.02716010999999996,0.040002486999999975,94448
S033,scale-grid,all-pairs,16,2,16,2,1,3/4,False,2268290566701700508973047/797264967690925973192704,2.845089975,,,10754792593893929175104371/1594529935381851946385408,950161/65536,51840,36720,122880,82,1575397,0.403410179,0.523538007,115488
S033,scale-grid,ordered-chain,16,2,16,2,1,3/4,False,2268290566701700508973047/797264967690925973192704,2.845089975,,,,,6480,4590,15360,82,201268,0.04935893800000002,0.07200029299999999,95536
S034,scale-grid,all-pairs,16,4,4,2,1,3/4,False,14905/9826,1.516893955,110153/78608,487683/334084,1015539/334084,121/16,36000,30000,95040,21,1041745,0.532868009,0.507361771,117168
S034,scale-grid,ordered-chain,16,4,4,2,1,3/4,False,14905/9826,1.516893955,,,,,4500,3750,11880,21,130499,0.056810519000000004,0.07149483200000006,95788
S035,scale-grid,all-pairs,16,4,8,2,1,3/4,False,441394652745/223224238112,1.977359880,,,255948296109/55806059528,2881/256,72000,54000,190080,41,1791568,0.699789636,0.7199092740000002,129508
S035,scale-grid,ordered-chain,16,4,8,2,1,3/4,False,441394652745/223224238112,1.977359880,,,,,9000,6750,23760,41,224861,0.08138165799999997,0.10764058300000001,97836
S036,scale-grid,all-pairs,16,4,16,2,1,3/4,False,2229655204063652893915905/797264967690925973192704,2.796630097,,,10479599565704130457832119/1594529935381851946385408,950161/65536,144000,102000,380160,82,4279838,1.239109396,1.687690469,158676
S036,scale-grid,ordered-chain,16,4,16,2,1,3/4,False,2229655204063652893915905/797264967690925973192704,2.796630097,,,,,18000,12750,47520,82,542618,0.151021375,0.2599992069999999,101044
A001,assumption-grid,all-pairs,4,2,4,2,1,1,True,1264/625,2.022400000,224/125,224/125,281/125,,648,540,1800,10,19993,0.006039237999999947,0.00817664100000004,93356
A001,assumption-grid,ordered-chain,4,2,4,2,1,1,True,1264/625,2.022400000,,,,,324,270,900,10,10047,0.0019230120000000017,0.008002853000000032,93100
A002,assumption-grid,all-pairs,4,2,4,2,1,1/2,True,5561/2500,2.224400000,224/125,933/500,6169/2500,,648,540,1992,12,21341,0.006205331000000092,0.00800083099999993,93488
A002,assumption-grid,ordered-chain,4,2,4,2,1,1/2,True,5561/2500,2.224400000,,,,,324,270,996,12,10738,0.00799609400000001,0.003999385999999938,93100
A003,assumption-grid,all-pairs,4,2,4,2,1,1/2,False,1,1.000000000,1,1,1,13/4,648,540,1272,6,16121,0.004588878999999935,0.007998458000000097,93352
A003,assumption-grid,ordered-chain,4,2,4,2,1,1/2,False,1,1.000000000,,,,,324,270,636,6,8121,0.0004850339999999953,0.003995684000000055,93100
A004,assumption-grid,all-pairs,3,1,1,2,1,0,False,2,2.000000000,2,2,2,3,36,48,36,1,1769,0.0,0.0,93100
A005,assumption-grid,all-pairs,3,1,1,2,1,0,False,2,2.000000000,2,2,2,3,36,48,36,1,1769,0.0,0.0,93100
A006,assumption-grid,all-pairs,4,2,4,2,1,1/2,False,4307/2500,1.722800000,199/125,413/250,5053/2500,13/4,648,540,1536,12,17450,0.007386916999999937,0.007998485,93356
A006,assumption-grid,ordered-chain,4,2,4,2,1,1/2,False,4307/2500,1.722800000,,,,,324,270,768,12,8798,0.003968470000000002,0.003998809000000048,93100
A007,assumption-grid,all-pairs,4,2,0,2,1,1/2,False,1,1.000000000,1,1,1,1,0,108,0,1,8807,0.004464256,0.0,93104
A007,assumption-grid,ordered-chain,4,2,0,2,1,1/2,False,1,1.000000000,,,,,0,54,0,1,4467,0.0007313460000000216,0.004121725999999937,93100
A008,assumption-grid,all-pairs,4,2,4,2,2,1/2,False,9577/5000,1.915400000,823/500,847/500,5331/2500,29/8,1080,810,2568,13,23168,0.007215314999999944,0.012000372000000037,93616
A008,assumption-grid,ordered-chain,4,2,4,2,2,1/2,False,9577/5000,1.915400000,,,,,540,405,1284,13,11678,0.005163892000000003,0.008000131999999938,93100
A009,assumption-grid,all-pairs,4,2,4,2,1,1/2,False,63/32,1.968750000,7/4,121/64,19/8,13/4,648,540,940,7,14966,0.005077761000000014,0.003999950999999946,93352
A009,assumption-grid,ordered-chain,4,2,4,2,1,1/2,False,63/32,1.968750000,,,,,324,270,504,7,7678,0.0,0.003988834000000052,93100
A010,assumption-grid,all-pairs,4,2,4,2,1,0,True,316/125,2.528000000,48/25,246/125,349/125,,648,540,1944,10,20732,0.010780724000000075,0.008000200000000013,93352
A010,assumption-grid,ordered-chain,4,2,4,2,1,0,True,316/125,2.528000000,,,,,324,270,972,10,10416,0.0035121240000000054,0.003988738999999963,93100
