model,exact,canonical_bound,absolute_gap,ratio,source
A001,224/125,1264/625,144/625,1.1285714285714286,results/campaign/A001-all-pairs.json
A002,224/125,5561/2500,1081/2500,1.2412946428571427,results/campaign/A002-all-pairs.json
A003,1,1,0,1.0,results/campaign/A003-all-pairs.json
A004,2,2,0,1.0,results/campaign/A004-all-pairs.json
A005,2,2,0,1.0,results/campaign/A005-all-pairs.json
A006,199/125,4307/2500,327/2500,1.0821608040201005,results/campaign/A006-all-pairs.json
A007,1,1,0,1.0,results/campaign/A007-all-pairs.json
A008,823/500,9577/5000,1347/5000,1.1636695018226002,results/campaign/A008-all-pairs.json
A009,7/4,63/32,7/32,1.125,results/campaign/A009-all-pairs.json
A010,48/25,316/125,76/125,1.3166666666666667,results/campaign/A010-all-pairs.json
Q001,44/25,52/25,8/25,1.1818181818181819,results/campaign/Q001-all-pairs.json
Q002,8/5,42/25,2/25,1.05,results/campaign/Q002-all-pairs.json
Q003,8/5,42/25,2/25,1.05,results/campaign/Q003-all-pairs.json
Q004,29/20,157/100,3/25,1.0827586206896551,results/campaign/Q004-all-pairs.json
Q005,13/10,67/50,1/25,1.0307692307692307,results/campaign/Q005-all-pairs.json
Q006,13/10,67/50,1/25,1.0307692307692307,results/campaign/Q006-all-pairs.json
Q007,1,1,0,1.0,results/campaign/Q007-all-pairs.json
Q008,1,1,0,1.0,results/campaign/Q008-all-pairs.json
Q009,1,1,0,1.0,results/campaign/Q009-all-pairs.json
Q010,248/125,1732/625,492/625,1.396774193548387,results/campaign/Q010-all-pairs.json
Q011,46/25,11/5,9/25,1.1956521739130435,results/campaign/Q011-all-pairs.json
Q012,8/5,1098/625,98/625,1.098,results/campaign/Q012-all-pairs.json
Q013,823/500,20317/10000,3857/10000,1.234325637910085,results/campaign/Q013-all-pairs.json
Q014,761/500,1028/625,307/2500,1.080683311432326,results/campaign/Q014-all-pairs.json
Q015,13/10,1723/1250,49/625,1.0603076923076924,results/campaign/Q015-all-pairs.json
Q016,1,1,0,1.0,results/campaign/Q016-all-pairs.json
Q017,1,1,0,1.0,results/campaign/Q017-all-pairs.json
Q018,1,1,0,1.0,results/campaign/Q018-all-pairs.json
S001,499/432,167/144,1/216,1.0040080160320641,results/campaign/S001-all-pairs.json
S004,505/432,127/108,1/144,1.005940594059406,results/campaign/S004-all-pairs.json
S007,505/432,127/108,1/144,1.005940594059406,results/campaign/S007-all-pairs.json
S010,2549/2000,13111/10000,183/5000,1.0287171439780305,results/campaign/S010-all-pairs.json
S013,517/400,1667/1250,411/10000,1.0317988394584139,results/campaign/S013-all-pairs.json
S016,517/400,1667/1250,411/10000,1.0317988394584139,results/campaign/S016-all-pairs.json
S019,15745/11664,148957/104976,1813/26244,1.051176740411418,results/campaign/S019-all-pairs.json
S022,15913/11664,18997/13122,8759/104976,1.0611589406285566,results/campaign/S022-all-pairs.json
S025,15913/11664,18997/13122,8759/104976,1.0611589406285566,results/campaign/S025-all-pairs.json
S028,109433/78608,1984785/1336336,15553/167042,1.0668816428639387,results/campaign/S028-all-pairs.json
S031,110153/78608,14905/9826,9087/78608,1.082494348769439,results/campaign/S031-all-pairs.json
S034,110153/78608,14905/9826,9087/78608,1.082494348769439,results/campaign/S034-all-pairs.json
