claim_id,material_claim,maturity,theorem_or_lemma,proof_or_checker,source_or_test,experiment,figure_or_table,raw_result,fresh_recheck,boundary
C01,Every accepted pair certificate bounds whole-transcript total variation uniformly over allowed public-history schedulers.,proved; finite-checked; clean-reproduced,Theorem 1 (Whole-history soundness),"proofs/guarantees.md, Theorem 1; src/checker.py Bellman and marginal checks","tests/test_certificates.py history-retention, token-semantics, observation, and mutation controls",144 retained main certificates; 144 clean-reproduced certificates,Paper Sec. III; Supplement Sec. II,results/campaign/*.json; results/certificates/*.json; results/verification/clean-reproduction.json,2026-09-19: checker example valid; complete clean payload comparison successful,"Applies only to the declared finite kernel, observation, action timing, and common scheduler class."
C02,A spanning tree of certified pairwise TV bounds gives capacity at most one plus the tree weight.,proved; exhaustively finite-checked,Lemma 2 (Tree capacity bound),"proofs/guarantees.md, Lemma 2; src/checker.py tree validation",tests/test_certificates.py; 280 seeded finite channels,All retained certificates compute the checked tree bound,Paper Sec. IV-A,results/tests.json; results/campaign/*.json,2026-09-19: 280 seeded channels and all certificate tests pass,A heavier valid tree is sound but may be less informative.
C03,"For arbitrary pairwise TV upper bounds, the sharp channel-capacity envelope is one plus the minimum-spanning-tree weight.",proved; exhaustive and seeded finite-checked,Theorem 3 (Upper-summary envelope),"proofs/guarantees.md, Theorem 3; threshold-component witness routines in tests",854 exhaustive matrices; 140 seeded matrices; exact tree enumeration,"Each witness normalized, met all TV upper bounds, attained the claimed capacity, and used at most 2m-1 columns",Paper Fig. 1 and Sec. IV,results/tests.json,2026-09-19: tests/test_certificates.py successful,"Sharp for the summary interface, not necessarily for the queue family or a fixed prior."
C04,Jointly ordered arrival rates and initial queues remain pathwise ordered under the declared shared-coin coupling and common actions.,proved; finite-checked,Lemma 4 (Pathwise order),"proofs/guarantees.md, Lemma 4; src/model.py and ordered certificate validation",tests/test_certificates.py supplied-index and relabeling controls,"71 supplied-index ordered campaign models; A004/A005 rejected only in frozen indexing and accepted after permutation (0,2,1)",Paper Sec. V-A,inputs/selection.json; results/campaign/*.json,2026-09-26: ordered tests and two relabeled controls successful in ordinary and optimized modes,Requires one common order of rates and initial queues. The checker evaluates the supplied label index and does not search for a permutation.
C05,Canonical nested-pair first-mismatch values are dominated by enclosing-pair values despite inner-state controller observability.,proved; finite-checked on generated matrices,Lemma 5 (Nested-interval dominance),"proofs/guarantees.md, enlarged-filtration proof; src/checker.py ordered canonicality checks",tests/test_certificates.py nested dominance; campaign dense ordered cases,All 71 ordered dense matrices satisfy every tested nested-interval inequality,Paper Sec. V-B,results/campaign/*.json; results/tests.json,2026-09-19: summary and clean reproduction assert all ordered invariants,"Depends on fresh iid coins, action-before-coins timing, the explicit grand coupling, and exact canonical values."
C06,The adjacent chain is a minimum spanning tree of the dense canonical matrix for jointly ordered models.,proved; exact-rationally measured; clean-reproduced,Theorem 6 (Lossless adjacent chain),"proofs/guarantees.md, Theorem 6; src/checker.py ordered-chain scope",73-model frozen campaign; ordered negative controls; A004/A005 relabeling controls,All 71 supplied-index ordered cases have exactly equal adjacent and dense bounds; relabeled A004/A005 also give equality at bound 2,Paper Sec. V-C; Paper Table III/IV context,results/tables/summary.json; results/tables/campaign.csv,2026-09-26: exact-rational ordered and relabeling tests successful; final clean campaign recheck pending packaging,"Lossless only relative to the same dense canonical certificate family, not exact channel capacity or all couplings."
C07,Potential and Bellman-obligation counts of ordered versus dense construction have exact ratio 2/m on a common state grid.,proved; measured,Equations for Nv and NB; corollary of pair counts,"proofs/guarantees.md, structural work section; src/producer.py counters","Scaling grid m in {2,4,8,16}","At m=16: 12,750 versus 102,000 potentials; 18,000 versus 144,000 Bellman obligations",Paper Sec. VII-D; Paper Table IV; Paper Fig. 3,results/tables/campaign.csv (S036),2026-09-19: retained and clean-reproduced certificates have identical encodings/counts,"Does not claim the same ratio for support-weighted arithmetic, wall time, or memory."
C08,The exact scalar public-history recursion computes the worst allowed scheduler capacity on the bounded tiny instances.,proved; finite-cross-checked by algorithmically distinct shared-kernel path,Proposition 7 (Exact tiny oracle),proofs/guarantees.md; src/oracle.py scalar recursion; tests/test_oracle_bruteforce.py direct policy-table enumeration; tests/test_semantic_independence.py,40 campaign models with H<=4; one-slot analytic calibration; 208 direct-policy cross-check models,"All 40 campaign exact values lie below both bound layers; separate direct-channel simulator agrees on 192 exhaustive H=2 and 16 deeper H=3 cases, totaling 4,832 policy tables",Paper Sec. VI and VII-C; Paper Table II; Paper Fig. 2,results/tables/campaign.csv; results/tables/summary.json; results/oracle-bruteforce.json,2026-09-26: retained record matched fresh scientific-payload recomputation with exact coverage and zero failures/errors,"Both algorithms share model.kernel and the written semantics. The direct enumerator does not reuse the tested recursion, memo table, or certificate/tree algorithms; no source-independent implementation is claimed."
C09,The canonical bound equals the exact tiny capacity in ten of forty cases and is otherwise conservative by the reported gaps.,exact-rationally measured; clean-reproduced,Not a theorem; frozen descriptive result,src/summarize.py invariants,40 tiny full-history oracle cases,10 equalities; median absolute gap 0.0792; maximum gap 0.7872 (Q010); maximum ratio 1.396774...,Paper Fig. 2; evaluation text,results/tables/summary.json; results/tables/campaign.csv,2026-09-19: retained and clean reproduction summaries agree,"These are constructed finite models, not representative network workloads."
C10,"At m=16, B=4, H=16, ordered and dense scopes return the same exact fraction while ordered checks 87.5% fewer Bellman obligations.",exact-rationally measured; clean-reproduced,Instance of Theorem 6 and count formula,src/producer.py; src/checker.py,Scaling case S036,"Common bound 2229655204063652893915905/797264967690925973192704; 18,000 vs 144,000 obligations",Paper Sec. VII-D; Paper Table IV; Paper Fig. 3,results/campaign/S036-all-pairs.json; results/campaign/S036-ordered-chain.json,2026-09-19: certificate encodings and scientific records match clean reproduction,The exact full-history oracle was not run for H=16.
C11,"Retained five-process medians for generation plus checking are 0.119/0.066 s at m=4, 0.604/0.153 s at m=8, and 2.824/0.383 s at m=16 for dense/ordered scopes.",measured; retained original campaign,Not a theorem; timing observation,src/campaign.py fresh-process repetition mode; src/summarize.py,"Five repetitions per scope for S018, S027, S036",Thirty repetition records with alternating mode order,Paper Sec. VII-D; Paper Table III; Paper Fig. 3,results/tables/repetitions.csv; results/campaign/*repeat*.json,"2026-09-19: original retained records re-summarized; clean run separately reproduced science, not timing",Environment-specific CPU observations; not a guaranteed speedup or network measurement.
C12,"All 144 main certificates pass the checker that does not import the producer, and the complete scientific payload reproduces from a fresh output directory.",finite-checked; clean-reproduced,Artifact validation claim,src/checker.py; tests/compare_reproduction.py,"74 inputs, 144 certificate encodings, 174 campaign records",Fresh reproduction compares all scientific payloads while excluding enumerated timing/RSS fields,Artifact README; Supplement reproduction section,results/verification/clean-reproduction.json,"2026-09-26: fresh empty-directory reproduction matched 74 inputs, 144 certificate encodings, and 174 campaign records; environment-only measurements were 122.390209 process CPU seconds and 158740 KiB peak RSS",Same executor and codebase; not independent human validation or proof-assistant verification.
C13,"The one-slot exact formula, row-continuity transfer inequality, and equal-initial-queue rate bound pass the frozen post-campaign calibrations.",proved; finite-checked,One-slot calibration; continuity lemma; rate-range corollary,proofs/guarantees.md; tests/test_calibrations.py,600 one-slot cases; 108 continuity cases; 70 eligible retained rate cases,All checks successful with fixed continuity seed 229501,"Paper Sec. II-C, VI-B, VII-B; Supplement Sec. IV-B",results/calibrations.json,2026-09-19: tests/test_calibrations.py successful,Calibrations validate derived formulas; they do not enlarge workload coverage.
C14,Full cover certifies capacity one only for the emission-only observation; visible overflow can retain disclosure.,proved baseline; exact negative control measured,Cover-baseline proposition and model semantics,proofs/guarantees.md; oracle.py,Q014/Q017-style controls and pilot cases,Running example: p=1 emission-only exact/bound 1; p=1 with overflow exact 224/125 and bound 1264/625,Paper Table II; model section,results/pilot/measurements.json; results/tables/campaign.csv,2026-09-19: pilot and campaign records retained and checked,No claim about observations not represented by either declared mode.
C15,A rowwise whole-transcript conformance error eta_s transfers a model capacity bound with additive penalty sum eta_s.,proved; finite-checked,Continuity/transfer lemma,proofs/guarantees.md; tests/test_calibrations.py,108 seeded finite channel pairs,Every seeded continuity inequality holds,Paper Sec. VI-F,results/calibrations.json,2026-09-19: continuity checks successful,No eta_s values are established for a deployed implementation; the result is conditional.
C16,"The 69-entry manuscript bibliography has a one-to-one retained provenance audit, with 22 explicitly identified full-text calibration papers and 47 metadata-only records.",metadata-checked; structurally finite-checked,Bibliography provenance claim; not a scientific theorem,reference_audit.csv; tests/test_reference_audit.py,Canonical DOI or official publication page per entry; cross-check against references.bib and main.tex,69 unique canonical records; full-text split 12 TDSC + 5 influential + 5 adjacent/theory; 47 metadata-only,Research plan calibration matrix; Artifact README and AUDIT.md,reference_audit.csv; results/reference-audit.json,"2026-09-19: inventory, identifiers, category counts, BibTeX keys, manuscript citations, and the two current-source additions all pass","The test is not a live resolver, does not validate every scholarly inference, and does not claim full-text reading for metadata-only entries."
C17,The 82-bit maximum applies to certificate potential values; declared aggregate result fields can have wider numerators.,exact-rationally measured; field-audited,"Numeric representation audit, not a theorem",src/numeric_complexity.py; tests/test_numeric_complexity.py,All 144 certificates and the explicit aggregate field set,"457,555 potential values; S030 capacity numerator 83 bits; S033/S036 best-star numerators 84 bits",Paper Sec. VII-D; artifact complexity record,results/verification/numeric-complexity.json; results/tables/summary.json,2026-09-26: field-specific recomputation and campaign-to-certificate consistency checks successful,The legacy campaign field maximum_rational_bits is defined only over that certificate’s potential values; it is not an all-fields maximum.
C18,Scientific acceptance remains fail-closed under ordinary and optimized Python execution.,finite-checked in both interpreter modes,"Runtime validation property, not a scientific theorem","Explicit need checks in tests/test_calibrations.py, src/worker.py, and src/summarize.py; tests/run_all.py",tests/test_fail_closed_validation.py,"Wrong exact scalar, copied rate-bound violation, corrupt campaign record, and failing test-loop fixtures",Artifact reproducibility guide and audit,ordinary and python -O unittest exits,2026-09-26: all six fail-closed methods successful in both ordinary and optimized modes,This tests the specified local failure modes and cannot prove absence of every possible implementation defect.
