name,scholarly_or_official_url,access_date,license,resource_type,acquisition_method,integration_mode,supported_claim,internals_modified
IEEE TDSC author information,https://www.computer.org/csdl/journal/tq/write-for-us/15068?title=Author%20Information&periodical=IEEE%20Transactions%20on%20Dependable%20and%20Secure%20Computing,2026-09-19,Publisher web terms,official policy,public web read,workflow only; not redistributed,"journal identity and author-information endpoint; live content remained a JavaScript/iframe shell, so TDSC-specific submission settings require human recheck",no
IEEE journal submission and peer-review policies,https://journals.ieeeauthorcenter.ieee.org/become-an-ieee-journal-author/publishing-ethics/guidelines-and-policies/submission-and-peer-review-policies/,2026-09-19,Publisher web terms,official policy,public web read,workflow only; not redistributed,AI-generated article content must be disclosed in acknowledgments with the system and affected sections/extent identified,no
IEEE journal template selector,https://template-selector.ieee.org/,2026-09-16,Publisher web terms,template service,supplied matched template inspected locally,IEEEtran class retained unmodified in paper/,initial-manuscript formatting family,no
Stealthy Traffic Analysis of Low-Latency Anonymous Communication Using Throughput Fingerprinting,https://doi.org/10.1145/2046707.2046732,2026-09-16,Publisher copyright,scholarly article,author-hosted/publisher full text read,citation and comparison only; not redistributed,historical throughput-fingerprinting motivation and the boundary between the source attack study and the new defensive finite-model theorem,no
PPTP: Privacy-Preserving Traffic Padding in Web-Based Applications,https://doi.org/10.1109/TDSC.2013.17,2026-09-16,Publisher copyright,TDSC full paper,publisher/author full text read,citation and venue calibration only,history-aware padding comparison,no
Preventing Side-Channel Leaks in Web Traffic: A Formal Approach,https://www.ndss-symposium.org/ndss2013/ndss-2013-programme/preventing-side-channel-leaks-web-traffic-formal-approach/,2026-09-16,Open research paper page; paper copyright retained by authors/publisher,adjacent-venue full paper,public full text read,citation and comparison only,formal traffic abstraction comparison,no
QCSD: A QUIC Client-Side Website-Fingerprinting Defence Framework,https://www.usenix.org/conference/usenixsecurity22/presentation/smith,2026-09-16,USENIX open access terms,adjacent-venue full paper,public full text read,citation and comparison only,deployment/model boundary,no
An Operational Approach to Information Leakage,https://doi.org/10.1109/TIT.2019.2962804,2026-09-16,Publisher copyright; author manuscript record used for access,adjacent-theory full paper,public full text read,citation and theory comparison only,capacity/maximal-leakage interpretation and exact objective boundary,no
Explainability is a Game for Probabilistic Bisimilarity Distances,https://doi.org/10.4230/LIPIcs.CONCUR.2025.36,2026-09-16,CC BY 4.0,adjacent-venue full paper,public full text read,citation and theory calibration only,coupling/game certificate context,no
Doeblin Coefficients and Related Measures,https://doi.org/10.1109/TIT.2024.3367856,2026-10-06,Publisher copyright,supplemental theory full paper,prior public manuscript/publisher read retained; current author-record and claim-critical section check,citation and theory comparison only; not counted in the 12+5+5 calibration quota,max-Doeblin Definition 2 and Theorems 3--4; DOI corrected using arXiv:2309.08475v2,no
Bounds on Maximal Leakage over Bayesian Networks,https://doi.org/10.1109/ISIT63088.2025.11195488,2026-09-16,Publisher copyright,peer-reviewed conference metadata record,publisher/DOI metadata checked; full-text calibration not claimed,citation and metadata provenance only; not counted in the 12+5+5 calibration quota,publication identity for the Bayesian-network maximal-leakage comparison,no
BiMorphing: A Bi-Directional Bursting Defense Against Website Fingerprinting Attacks,https://doi.org/10.1109/TDSC.2019.2906390,2026-09-16,Publisher copyright,TDSC full paper,author/publisher full text read,citation and venue calibration only,empirical defense contrast,no
An Automated Multi-Tab Website Fingerprinting Attack,https://doi.org/10.1109/TDSC.2021.3104869,2026-09-16,Publisher copyright,TDSC full paper,publisher/author full text read,citation and venue calibration only,multi-tab threat/evaluation pattern,no
Website Fingerprinting Through the Cache Occupancy Channel and Its Real World Practicality,https://doi.org/10.1109/TDSC.2020.2988369,2026-09-16,Publisher copyright,TDSC full paper,author preprint/publisher text read,citation and venue calibration only,observation-class boundary,no
"Anonymity Services Tor, I2P, JonDonym: Classifying in the Dark (Web)",https://doi.org/10.1109/TDSC.2018.2804394,2026-09-16,Publisher copyright,TDSC full paper,author/publisher full text read,citation and venue calibration only,comparative anonymity-traffic evaluation,no
Nymble: Blocking Misbehaving Users in Anonymizing Networks,https://doi.org/10.1109/TDSC.2009.38,2026-09-16,Publisher copyright,TDSC full paper,author/publisher full text read,citation and venue calibration only,venue narrative and threat-model calibration,no
Improving Security and Performance in the Tor Network through Tunable Path Selection,https://doi.org/10.1109/TDSC.2010.17,2026-09-16,Publisher copyright,TDSC full paper,author/publisher full text read,citation and venue calibration only,tradeoff/evaluation structure,no
A Distributed Flow Correlation Attack to Anonymizing Overlay Networks Based on Wavelet Multi-Resolution Analysis,https://doi.org/10.1109/TDSC.2019.2947666,2026-09-16,Publisher copyright,TDSC full paper,publisher/author full text read,citation and venue calibration only,traffic-correlation comparison,no
DAENet: Making Strong Anonymity Scale in a Fully Decentralized Network,https://doi.org/10.1109/TDSC.2021.3052831,2026-09-16,CC BY 4.0 author-posted copy; publisher record,TDSC full paper,public full text read,citation and venue calibration only,system/security/evaluation narrative,no
ObliComm: Towards Building an Efficient Oblivious Communication System,https://doi.org/10.1109/TDSC.2019.2949813,2026-09-16,Publisher copyright,TDSC full paper,publisher/author full text read,citation and venue calibration only,formal definition plus system evaluation pattern,no
Few-Shot Website Fingerprinting With Distribution Calibration,https://doi.org/10.1109/TDSC.2024.3411014,2026-09-16,Publisher copyright,TDSC full paper,publisher/author full text read,citation and venue calibration only,recent TDSC threat/evaluation calibration,no
Robust Correlation of Encrypted Attack Traffic through Stepping Stones by Flow Watermarking,https://doi.org/10.1109/TDSC.2010.35,2026-09-16,Publisher copyright,TDSC full paper,author/publisher full text read,citation and venue calibration only,traffic-correlation methodology contrast,no
"Untraceable Electronic Mail, Return Addresses, and Digital Pseudonyms",https://doi.org/10.1145/358549.358563,2026-09-16,Publisher copyright,influential full paper,public full text read,citation and field calibration only,anonymous-communication foundation,no
Tor: The Second-Generation Onion Router,https://www.usenix.org/conference/13th-usenix-security-symposium/tor-second-generation-onion-router-0,2026-09-16,USENIX open access terms,influential full paper,public full text read,citation and field calibration only,low-latency overlay foundation,no
Website Fingerprinting in Onion Routing Based Anonymization Networks,https://doi.org/10.1145/2046556.2046570,2026-09-16,NDSS paper distribution terms,influential full paper,public full text read,citation and field calibration only,website-fingerprinting baseline,no
Effective Attacks and Provable Defenses for Website Fingerprinting,https://www.usenix.org/conference/usenixsecurity14/technical-sessions/presentation/wang_tao,2026-09-16,USENIX open access terms,influential full paper,public full text read,citation and field calibration only,attack/defense evaluation pattern,no
Deep Fingerprinting: Undermining Website Fingerprinting Defenses with Deep Learning,https://doi.org/10.1145/3243734.3243768,2026-09-16,Publisher copyright,influential full paper,author/publisher full text read,citation and field calibration only,modern threat/evaluation pattern,no
IEEE Computer Society author resources and journal length guidance,https://www.computer.org/publications/author-resources,2026-09-19,Publisher web terms,official policy,official page indexed guidance rechecked; direct page returned 403 to the reader,workflow only; not redistributed,general IEEE Computer Society Transactions regular-paper guidance states 12 formatted pages including references; live TDSC-specific settings still require human recheck,no
IEEE submission and peer-review policy on AI-generated content,https://journals.ieeeauthorcenter.ieee.org/become-an-ieee-journal-author/publishing-ethics/guidelines-and-policies/submission-and-peer-review-policies/,2026-09-19,Publisher web terms,official policy,official policy page read,workflow and disclosure wording only; not redistributed,"substantive AI-generated article content must be disclosed in acknowledgments, identifying the system and affected sections/extent",no
IEEE Author Center research reproducibility guidance,https://journals.ieeeauthorcenter.ieee.org/create-your-ieee-journal-article/research-reproducibility/,2026-09-16,Publisher web terms,official policy,public web read,workflow only; not redistributed,IEEE encourages sufficient methodological detail and sharing of data and code to facilitate verification and reproducibility,no
Website Fingerprinting Attacks and Defense Techniques: A Survey,https://doi.org/10.1145/3817115,2026-09-19,Publisher record; article terms as stated by ACM,scholarly survey article,ACM search metadata and author institutional publication record checked,citation and current field-coverage comparison only; not redistributed,"current breadth of website-fingerprinting attacks, defenses, datasets, metrics, and tools; no formal-certificate claim",no
Constructing Witnesses for Lower Bounds on Behavioural Distances,https://doi.org/10.4230/LIPIcs.CSL.2026.25,2026-09-19,CC BY 4.0,scholarly conference article,Dagstuhl DROPS official metadata and abstract read,citation and closest-method comparison only; not redistributed,"recent inductive lower-bound witness direction, distinguished from upper complete-transcript certificates",no
Doeblin Curves,https://doi.org/10.1109/TIT.2026.3678229,2026-10-06,Publisher copyright; author manuscript at arXiv:2606.19859,journal article with author manuscript,prior arXiv abstract/HTML overview retained; current journal identity checked against arXiv and Purdue author record,current theory-boundary source only; not redistributed or added to the 69-entry bibliography,recent nonlinear multi-way information contraction; IEEE TIT 72(6) 3556--3596 June 2026; no full-paper or universal novelty conclusion,no
Fast A/B/n Testing: Exact Multi-Policy Comparison via Tree-Coupled Feedback Sharing,https://arxiv.org/abs/2608.12831,2026-09-19,arXiv record; source-specific license linked there,scholarly preprint,arXiv version metadata and abstract read,novelty-boundary scan only; not redistributed or used as peer-reviewed evidence,"tree/maximal-coupling/MST tools also occur in a distinct contextual-bandit feedback-sharing objective, so those tools are not claimed as new",no
