key,entry_type,authors,title,venue,year,pages,canonical_url,metadata_source,metadata_status,full_text_calibration,calibration_category,audit_note
chaum1981,article,David L. Chaum,"Untraceable Electronic Mail, Return Addresses, and Digital Pseudonyms",Communications of the ACM,1981,84--90,https://doi.org/10.1145/358549.358563,publisher/DOI record,manually_checked_2026-09-16,yes,influential field paper,Full text was used for the recorded calibration matrix; bibliographic metadata was checked against the canonical record.
goldschlag1999,article,David M. Goldschlag and Michael G. Reed and Paul F. Syverson,Onion Routing for Anonymous and Private Internet Connections,Communications of the ACM,1999,39--41,https://doi.org/10.1145/293411.293443,publisher/DOI record,manually_checked_2026-09-16,no,metadata_only,Bibliographic metadata was checked against the canonical record; no full-text calibration claim is made in this audit.
dingledine2004,inproceedings,Roger Dingledine and Nick Mathewson and Paul Syverson,Tor: The Second-Generation Onion Router,13th USENIX Security Symposium,2004,303--320,https://www.usenix.org/conference/13th-usenix-security-symposium/tor-second-generation-onion-router-0,official USENIX paper page,manually_checked_2026-09-16,yes,influential field paper,Full text was used for the recorded calibration matrix; bibliographic metadata was checked against the canonical record.
freedman2002,inproceedings,Michael J. Freedman and Robert Morris,Tarzan: A Peer-to-Peer Anonymizing Network Layer,ACM Conference on Computer and Communications Security,2002,193--206,https://doi.org/10.1145/586110.586137,publisher/DOI record,manually_checked_2026-09-16,no,metadata_only,"Uses the 2002 ACM CCS paper, distinct from the related IPTPS version."
chaudhary2026,article,Pankaj Chaudhary and Aditi Aralkar and Neminath Hubballi and Vinduja T. and Paromita Choudhury and Manjesh K. Hanawal,Website Fingerprinting Attacks and Defense Techniques: A Survey,ACM Computing Surveys,2026,1--36,https://doi.org/10.1145/3817115,ACM DOI record and author publication record,manually_checked_2026-09-19,no,metadata_only,"Current field-coverage citation; publisher metadata, article number 343, page range, DOI, and six-author order were checked. No full-text calibration claim is made."
baier2008,book,Christel Baier and Joost-Pieter Katoen,Principles of Model Checking,MIT Press,2008,,https://mitpress.mit.edu/9780262026499/principles-of-model-checking/,MIT Press book page,manually_checked_2026-09-16,no,metadata_only,Bibliographic metadata was checked against the canonical record; no full-text calibration claim is made in this audit.
corrigangibbs2010,inproceedings,Henry Corrigan-Gibbs and Bryan Ford,Dissent: Accountable Anonymous Group Messaging,ACM Conference on Computer and Communications Security,2010,340--350,https://doi.org/10.1145/1866307.1866346,publisher/DOI record,manually_checked_2026-09-16,no,metadata_only,Bibliographic metadata was checked against the canonical record; no full-text calibration claim is made in this audit.
wolinsky2012,inproceedings,David Isaac Wolinsky and Henry Corrigan-Gibbs and Bryan Ford and Aaron Johnson,Dissent in Numbers: Making Strong Anonymity Scale,10th USENIX Symposium on Operating Systems Design and Implementation,2012,179--192,https://www.usenix.org/conference/osdi12/technical-sessions/presentation/wolinsky,official USENIX paper page,manually_checked_2026-09-16,no,metadata_only,Bibliographic metadata was checked against the canonical record; no full-text calibration claim is made in this audit.
corrigangibbs2015,inproceedings,Henry Corrigan-Gibbs and Dan Boneh and David Mazi\`eres,Riposte: An Anonymous Messaging System Handling Millions of Users,IEEE Symposium on Security and Privacy,2015,321--338,https://doi.org/10.1109/SP.2015.27,publisher/DOI record,manually_checked_2026-09-16,no,metadata_only,Bibliographic metadata was checked against the canonical record; no full-text calibration claim is made in this audit.
vandenhooff2015,inproceedings,Jelle van den Hooff and David Lazar and Matei Zaharia and Nickolai Zeldovich,Vuvuzela: Scalable Private Messaging Resistant to Traffic Analysis,25th ACM Symposium on Operating Systems Principles,2015,137--152,https://doi.org/10.1145/2815400.2815417,publisher/DOI record,manually_checked_2026-09-16,no,metadata_only,Bibliographic metadata was checked against the canonical record; no full-text calibration claim is made in this audit.
angel2016,inproceedings,Sebastian Angel and Srinath Setty,Unobservable Communication over Fully Untrusted Infrastructure,12th USENIX Symposium on Operating Systems Design and Implementation,2016,551--569,https://www.usenix.org/conference/osdi16/technical-sessions/presentation/angel,official USENIX paper page,manually_checked_2026-09-16,no,metadata_only,Bibliographic metadata was checked against the canonical record; no full-text calibration claim is made in this audit.
piotrowska2017,inproceedings,Ania M. Piotrowska and Jamie Hayes and Tariq Elahi and Sebastian Meiser and George Danezis,The Loopix Anonymity System,26th USENIX Security Symposium,2017,1199--1216,https://www.usenix.org/conference/usenixsecurity17/technical-sessions/presentation/piotrowska,official USENIX paper page,manually_checked_2026-09-16,no,metadata_only,Bibliographic metadata was checked against the canonical record; no full-text calibration claim is made in this audit.
tyagi2017,inproceedings,Nirvan Tyagi and Yossi Gilad and Derek Leung and Matei Zaharia and Nickolai Zeldovich,Stadium: A Distributed Metadata-Private Messaging System,26th ACM Symposium on Operating Systems Principles,2017,423--440,https://doi.org/10.1145/3132747.3132783,publisher/DOI record,manually_checked_2026-09-16,no,metadata_only,Bibliographic metadata was checked against the canonical record; no full-text calibration claim is made in this audit.
lazar2018,inproceedings,David Lazar and Yossi Gilad and Nickolai Zeldovich,Karaoke: Distributed Private Messaging Immune to Passive Traffic Analysis,13th USENIX Symposium on Operating Systems Design and Implementation,2018,711--725,https://www.usenix.org/conference/osdi18/presentation/lazar,official USENIX paper page,manually_checked_2026-09-16,no,metadata_only,Bibliographic metadata was checked against the canonical record; no full-text calibration claim is made in this audit.
barman2018,article,Ludovic Barman and Italo Dacosta and Mahdi Zamani and Ennan Zhai and Apostolos Pyrgelis and Bryan Ford and Joan Feigenbaum and Jean-Pierre Hubaux,PriFi: Low-Latency Anonymity for Organizational Networks,Proceedings on Privacy Enhancing Technologies,2020,24--47,https://doi.org/10.2478/popets-2020-0061,publisher/DOI record,manually_checked_2026-09-16,no,metadata_only,"Legacy citation key retained; metadata uses the final 2020 PoPETs article (vol. 2020, no. 4, pp. 24--47)."
hintz2002,inproceedings,Andrew Hintz,Fingerprinting Websites Using Traffic Analysis,Privacy Enhancing Technologies,2002,171--178,https://doi.org/10.1007/3-540-36467-6_13,publisher/DOI record,manually_checked_2026-09-16,no,metadata_only,The conference event is dated 2002; the Springer proceedings record was published online in 2003.
sun2002,inproceedings,Qixiang Sun and Daniel R. Simon and Yi-Min Wang and Wilf Russell and Venkata N. Padmanabhan and Lili Qiu,Statistical Identification of Encrypted Web Browsing Traffic,IEEE Symposium on Security and Privacy,2002,19--30,https://doi.org/10.1109/SECPRI.2002.1004359,publisher/DOI record,manually_checked_2026-09-16,no,metadata_only,Bibliographic metadata was checked against the canonical record; no full-text calibration claim is made in this audit.
murdoch2005,inproceedings,Steven J. Murdoch and George Danezis,Low-Cost Traffic Analysis of Tor,IEEE Symposium on Security and Privacy,2005,183--195,https://doi.org/10.1109/SP.2005.12,publisher/DOI record,manually_checked_2026-09-16,no,metadata_only,Bibliographic metadata was checked against the canonical record; no full-text calibration claim is made in this audit.
liberatore2006,inproceedings,Marc Liberatore and Brian Neil Levine,Inferring the Source of Encrypted HTTP Connections,ACM Conference on Computer and Communications Security,2006,255--263,https://doi.org/10.1145/1180405.1180437,publisher/DOI record,manually_checked_2026-09-16,no,metadata_only,Bibliographic metadata was checked against the canonical record; no full-text calibration claim is made in this audit.
hopper2007,inproceedings,Nicholas Hopper and Eugene Y. Vasserman and Eric Chan-Tin,How Much Anonymity Does Network Latency Leak?,ACM Conference on Computer and Communications Security,2007,82--91,https://doi.org/10.1145/1315245.1315257,publisher/DOI record,manually_checked_2026-09-16,no,metadata_only,Uses the 2007 ACM CCS conference version; the later journal extension is a distinct record.
herrmann2009,inproceedings,Dominik Herrmann and Rolf Wendolsky and Hannes Federrath,Website Fingerprinting: Attacking Popular Privacy Enhancing Technologies with the Multinomial Naive-Bayes Classifier,ACM Workshop on Cloud Computing Security,2009,31--42,https://doi.org/10.1145/1655008.1655013,publisher/DOI record,manually_checked_2026-09-16,no,metadata_only,Bibliographic metadata was checked against the canonical record; no full-text calibration claim is made in this audit.
panchenko2011,inproceedings,Andriy Panchenko and Lukas Niessen and Andreas Zinnen and Thomas Engel,Website Fingerprinting in Onion Routing Based Anonymization Networks,ACM Workshop on Privacy in the Electronic Society,2011,103--114,https://doi.org/10.1145/2046556.2046570,publisher/DOI record,manually_checked_2026-09-16,yes,influential field paper,Full text was used for the recorded calibration matrix; bibliographic metadata was checked against the canonical record.
mittal2011,inproceedings,Prateek Mittal and Ahmed Khurshid and Joshua Juen and Matthew Caesar and Nikita Borisov,Stealthy Traffic Analysis of Low-Latency Anonymous Communication Using Throughput Fingerprinting,ACM Conference on Computer and Communications Security,2011,215--226,https://doi.org/10.1145/2046707.2046732,publisher/DOI record,manually_checked_2026-09-16,yes,adjacent venue/theory,DOI corrected to 10.1145/2046707.2046732; 10.1145/2046707.2046754 identifies a different CCS paper.
cai2012,inproceedings,Xiang Cai and Xin Cheng Zhang and Brijesh Joshi and Rob Johnson,Touching from a Distance: Website Fingerprinting Attacks and Defenses,ACM Conference on Computer and Communications Security,2012,605--616,https://doi.org/10.1145/2382196.2382260,publisher/DOI record,manually_checked_2026-09-16,no,metadata_only,Bibliographic metadata was checked against the canonical record; no full-text calibration claim is made in this audit.
wang2013,inproceedings,Tao Wang and Ian Goldberg,Improved Website Fingerprinting on Tor,ACM Workshop on Privacy in the Electronic Society,2013,201--212,https://doi.org/10.1145/2517840.2517851,publisher/DOI record,manually_checked_2026-09-16,no,metadata_only,Bibliographic metadata was checked against the canonical record; no full-text calibration claim is made in this audit.
johnson2013,inproceedings,Aaron Johnson and Chris Wacek and Rob Jansen and Micah Sherr and Paul Syverson,Users Get Routed: Traffic Correlation on Tor by Realistic Adversaries,ACM Conference on Computer and Communications Security,2013,337--348,https://doi.org/10.1145/2508859.2516651,publisher/DOI record,manually_checked_2026-09-16,no,metadata_only,Bibliographic metadata was checked against the canonical record; no full-text calibration claim is made in this audit.
wang2014,inproceedings,Tao Wang and Xiang Cai and Rishab Nithyanand and Rob Johnson and Ian Goldberg,Effective Attacks and Provable Defenses for Website Fingerprinting,23rd USENIX Security Symposium,2014,143--157,https://www.usenix.org/conference/usenixsecurity14/technical-sessions/presentation/wang_tao,official USENIX paper page,manually_checked_2026-09-16,yes,influential field paper,Full text was used for the recorded calibration matrix; bibliographic metadata was checked against the canonical record.
juarez2014,inproceedings,Marc Ju\'arez and Sadia Afroz and Gunes Acar and Claudia D\'iaz and Rachel Greenstadt,A Critical Evaluation of Website Fingerprinting Attacks,ACM Conference on Computer and Communications Security,2014,263--274,https://doi.org/10.1145/2660267.2660368,publisher/DOI record,manually_checked_2026-09-16,no,metadata_only,Bibliographic metadata was checked against the canonical record; no full-text calibration claim is made in this audit.
hayes2016,inproceedings,Jamie Hayes and George Danezis,k-Fingerprinting: A Robust Scalable Website Fingerprinting Technique,25th USENIX Security Symposium,2016,1187--1203,https://www.usenix.org/conference/usenixsecurity16/technical-sessions/presentation/hayes,official USENIX paper page,manually_checked_2026-09-16,no,metadata_only,Bibliographic metadata was checked against the canonical record; no full-text calibration claim is made in this audit.
rimmer2018,inproceedings,Vera Rimmer and Davy Preuveneers and Marc Ju\'arez and Tom van Goethem and Wouter Joosen,Automated Website Fingerprinting through Deep Learning,Network and Distributed System Security Symposium,2018,,https://doi.org/10.14722/ndss.2018.23105,publisher/DOI record,manually_checked_2026-09-16,no,metadata_only,NDSS and DOI records identify article 23105; conflicting third-party identifiers were not used.
sirinam2018,inproceedings,Payap Sirinam and Mohsen Imani and Marc Ju\'arez and Matthew Wright,Deep Fingerprinting: Undermining Website Fingerprinting Defenses with Deep Learning,ACM Conference on Computer and Communications Security,2018,1928--1943,https://doi.org/10.1145/3243734.3243768,publisher/DOI record,manually_checked_2026-09-16,yes,influential field paper,Full text was used for the recorded calibration matrix; bibliographic metadata was checked against the canonical record.
nasr2018,inproceedings,Milad Nasr and Alireza Bahramali and Amir Houmansadr,DeepCorr: Strong Flow Correlation Attacks on Tor Using Deep Learning,ACM Conference on Computer and Communications Security,2018,1962--1976,https://doi.org/10.1145/3243734.3243824,publisher/DOI record,manually_checked_2026-09-16,no,metadata_only,Bibliographic metadata was checked against the canonical record; no full-text calibration claim is made in this audit.
rahman2020,article,Mohammad Saidur Rahman and Payap Sirinam and Nate Mathews and Kantha Girish Gangadhara and Matthew Wright,Tik-Tok: The Utility of Packet Timing in Website Fingerprinting Attacks,Proceedings on Privacy Enhancing Technologies,2020,5--24,https://doi.org/10.2478/popets-2020-0043,publisher/DOI record,manually_checked_2026-09-16,no,metadata_only,Bibliographic metadata was checked against the canonical record; no full-text calibration claim is made in this audit.
yin2022,article,Qilei Yin and Zhuotao Liu and Qi Li and Tao Wang and Qian Wang and Chao Shen and Yixiao Xu,An Automated Multi-Tab Website Fingerprinting Attack,IEEE Transactions on Dependable and Secure Computing,2022,3656--3670,https://doi.org/10.1109/TDSC.2021.3104869,publisher/DOI record,manually_checked_2026-09-16,yes,same-venue TDSC,Full text was used for the recorded calibration matrix; bibliographic metadata was checked against the canonical record.
shusterman2021,article,Anatoly Shusterman and Zohar Avraham and Eliezer Croitoru and Yarden Haskal and Lachlan Kang and Dvir Levi and Yosef Meltser and Prateek Mittal and Yossi Oren and Yuval Yarom,Website Fingerprinting Through the Cache Occupancy Channel and Its Real World Practicality,IEEE Transactions on Dependable and Secure Computing,2021,2042--2060,https://doi.org/10.1109/TDSC.2020.2988369,publisher/DOI record,manually_checked_2026-09-16,yes,same-venue TDSC,Full text was used for the recorded calibration matrix; bibliographic metadata was checked against the canonical record.
montieri2020,article,Antonio Montieri and Domenico Ciuonzo and Giuseppe Aceto and Antonio Pescap\'e,"Anonymity Services Tor, I2P, JonDonym: Classifying in the Dark (Web)",IEEE Transactions on Dependable and Secure Computing,2020,662--675,https://doi.org/10.1109/TDSC.2018.2804394,publisher/DOI record,manually_checked_2026-09-16,yes,same-venue TDSC,Full text was used for the recorded calibration matrix; bibliographic metadata was checked against the canonical record.
palmieri2021,article,Francesco Palmieri,A Distributed Flow Correlation Attack to Anonymizing Overlay Networks Based on Wavelet Multi-Resolution Analysis,IEEE Transactions on Dependable and Secure Computing,2021,2271--2284,https://doi.org/10.1109/TDSC.2019.2947666,publisher/DOI record,manually_checked_2026-09-16,yes,same-venue TDSC,Full text was used for the recorded calibration matrix; bibliographic metadata was checked against the canonical record.
luo2025,article,Chenxiang Luo and Wenyi Tang and Qixu Wang and Danyang Zheng,Few-Shot Website Fingerprinting With Distribution Calibration,IEEE Transactions on Dependable and Secure Computing,2025,632--648,https://doi.org/10.1109/TDSC.2024.3411014,publisher/DOI record,manually_checked_2026-09-16,yes,same-venue TDSC,DOI corrected to 10.1109/TDSC.2024.3411014 for the 2025 TDSC article.
wright2009,inproceedings,Charles V. Wright and Scott E. Coull and Fabian Monrose,Traffic Morphing: An Efficient Defense Against Statistical Traffic Analysis,Network and Distributed System Security Symposium,2009,,https://www.ndss-symposium.org/ndss2009/traffic-morphing-an-efficient-defense-against-statistical-traffic-analysis/,official NDSS paper page,manually_checked_2026-09-16,no,metadata_only,Bibliographic metadata was checked against the canonical record; no full-text calibration claim is made in this audit.
shmatikov2006,inproceedings,Vitaly Shmatikov and Ming-Hsiu Wang,Timing Analysis in Low-Latency Mix Networks: Attacks and Defenses,European Symposium on Research in Computer Security,2006,18--33,https://doi.org/10.1007/11863908_2,publisher/DOI record,manually_checked_2026-09-16,no,metadata_only,Bibliographic metadata was checked against the canonical record; no full-text calibration claim is made in this audit.
dyer2012,inproceedings,Kevin P. Dyer and Scott E. Coull and Thomas Ristenpart and Thomas Shrimpton,"Peek-a-Boo, I Still See You: Why Efficient Traffic Analysis Countermeasures Fail",IEEE Symposium on Security and Privacy,2012,332--346,https://doi.org/10.1109/SP.2012.28,publisher/DOI record,manually_checked_2026-09-16,no,metadata_only,Bibliographic metadata was checked against the canonical record; no full-text calibration claim is made in this audit.
cai2014,inproceedings,Xiang Cai and Rishab Nithyanand and Tao Wang and Rob Johnson and Ian Goldberg,A Systematic Approach to Developing and Evaluating Website Fingerprinting Defenses,ACM Conference on Computer and Communications Security,2014,227--238,https://doi.org/10.1145/2660267.2660362,publisher/DOI record,manually_checked_2026-09-16,no,metadata_only,Bibliographic metadata was checked against the canonical record; no full-text calibration claim is made in this audit.
juarez2016,inproceedings,Marc Ju\'arez and Mohsen Imani and Mike Perry and Claudia D\'iaz and Matthew Wright,Toward an Efficient Website Fingerprinting Defense,European Symposium on Research in Computer Security,2016,27--46,https://doi.org/10.1007/978-3-319-45744-4_2,publisher/DOI record,manually_checked_2026-09-16,no,metadata_only,Bibliographic metadata was checked against the canonical record; no full-text calibration claim is made in this audit.
wang2017,inproceedings,Tao Wang and Ian Goldberg,Walkie-Talkie: An Efficient Defense against Passive Website Fingerprinting Attacks,26th USENIX Security Symposium,2017,1375--1390,https://www.usenix.org/conference/usenixsecurity17/technical-sessions/presentation/wang-tao,official USENIX paper page,manually_checked_2026-09-16,no,metadata_only,Bibliographic metadata was checked against the canonical record; no full-text calibration claim is made in this audit.
alnaami2021,article,Khaled Al-Naami and Amgad El-Ghamry and Md. Saiful Islam and Latifur Khan and Bhavani Thuraisingham and Kevin W. Hamlen and Mohamed Alrahmawy and Mohamed Z. Rashad,BiMorphing: A Bi-Directional Bursting Defense Against Website Fingerprinting Attacks,IEEE Transactions on Dependable and Secure Computing,2021,505--517,https://doi.org/10.1109/TDSC.2019.2906390,publisher/DOI record,manually_checked_2026-09-16,yes,same-venue TDSC,Full text was used for the recorded calibration matrix; bibliographic metadata was checked against the canonical record.
smith2022,inproceedings,Jean-Pierre Smith and Luca Dolfi and Prateek Mittal and Adrian Perrig,QCSD: A QUIC Client-Side Website-Fingerprinting Defence Framework,31st USENIX Security Symposium,2022,771--789,https://www.usenix.org/conference/usenixsecurity22/presentation/smith,official USENIX paper page,manually_checked_2026-09-16,yes,adjacent venue/theory,Full text was used for the recorded calibration matrix; bibliographic metadata was checked against the canonical record.
liu2014,article,Wen Ming Liu and Lingyu Wang and Pengsu Cheng and Kui Ren and S. Zhu and Mourad Debbabi,PPTP: Privacy-Preserving Traffic Padding in Web-Based Applications,IEEE Transactions on Dependable and Secure Computing,2014,538--552,https://doi.org/10.1109/TDSC.2013.17,publisher/DOI record,manually_checked_2026-09-16,yes,same-venue TDSC,Full text was used for the recorded calibration matrix; bibliographic metadata was checked against the canonical record.
backes2013,inproceedings,"Michael Backes and Goran Doychev and Boris K\""opf",Preventing Side-Channel Leaks in Web Traffic: A Formal Approach,Network and Distributed System Security Symposium,2013,,https://www.ndss-symposium.org/ndss2013/ndss-2013-programme/preventing-side-channel-leaks-web-traffic-formal-approach/,official NDSS paper page,manually_checked_2026-09-16,yes,adjacent venue/theory,Full text was used for the recorded calibration matrix; bibliographic metadata was checked against the canonical record.
snader2011,article,Robin Snader and Nikita Borisov,Improving Security and Performance in the Tor Network through Tunable Path Selection,IEEE Transactions on Dependable and Secure Computing,2011,728--741,https://doi.org/10.1109/TDSC.2010.17,publisher/DOI record,manually_checked_2026-09-16,yes,same-venue TDSC,Full text was used for the recorded calibration matrix; bibliographic metadata was checked against the canonical record.
tsang2011,article,Patrick P. Tsang and Apu Kapadia and Cory Cornelius and Sean W. Smith,Nymble: Blocking Misbehaving Users in Anonymizing Networks,IEEE Transactions on Dependable and Secure Computing,2011,256--269,https://doi.org/10.1109/TDSC.2009.38,publisher/DOI record,manually_checked_2026-09-16,yes,same-venue TDSC,Full text was used for the recorded calibration matrix; bibliographic metadata was checked against the canonical record.
shen2022,article,Tianxiang Shen and Jianyu Jiang and Yunpeng Jiang and Xusheng Chen and Ji Qi and Shixiong Zhao and Fengwei Zhang and Xiapu Luo and Heming Cui,DAENet: Making Strong Anonymity Scale in a Fully Decentralized Network,IEEE Transactions on Dependable and Secure Computing,2022,2286--2303,https://doi.org/10.1109/TDSC.2021.3052831,publisher/DOI record,manually_checked_2026-09-16,yes,same-venue TDSC,Full text was used for the recorded calibration matrix; bibliographic metadata was checked against the canonical record.
wu2021,article,Pengfei Wu and Robert H. Deng and Ximeng Liu and Qingni Shen and Qi Li and Zhonghai Wu,ObliComm: Towards Building an Efficient Oblivious Communication System,IEEE Transactions on Dependable and Secure Computing,2021,2331--2348,https://doi.org/10.1109/TDSC.2019.2949813,publisher/DOI record,manually_checked_2026-09-16,yes,same-venue TDSC,Full text was used for the recorded calibration matrix; bibliographic metadata was checked against the canonical record.
wang2010stepping,article,Xinyuan Wang and Douglas S. Reeves,Robust Correlation of Encrypted Attack Traffic through Stepping Stones by Flow Watermarking,IEEE Transactions on Dependable and Secure Computing,2011,434--449,https://doi.org/10.1109/TDSC.2010.35,publisher/DOI record,manually_checked_2026-09-16,yes,same-venue TDSC,Full text was used for the recorded calibration matrix; bibliographic metadata was checked against the canonical record.
smith2009,inproceedings,Geoffrey Smith,On the Foundations of Quantitative Information Flow,Foundations of Software Science and Computational Structures,2009,288--302,https://doi.org/10.1007/978-3-642-00596-1_21,publisher/DOI record,manually_checked_2026-09-16,no,metadata_only,Bibliographic metadata was checked against the canonical record; no full-text calibration claim is made in this audit.
alvim2012,inproceedings,M\'ario S. Alvim and Miguel E. Andr\'es and Konstantinos Chatzikokolakis and Catuscia Palamidessi,On the Relation between Differential Privacy and Quantitative Information Flow,"International Colloquium on Automata, Languages, and Programming",2011,60--76,https://doi.org/10.1007/978-3-642-22012-8_4,publisher/DOI record,manually_checked_2026-09-16,no,metadata_only,Legacy citation key retained; the cited ICALP proceedings chapter is dated 2011.
issa2020,article,Ibrahim Issa and Aaron B. Wagner and Sudeep Kamath,An Operational Approach to Information Leakage,IEEE Transactions on Information Theory,2020,1625--1657,https://doi.org/10.1109/TIT.2019.2962804,publisher/DOI record,manually_checked_2026-09-16,yes,adjacent venue/theory,Full text was used for the recorded calibration matrix; bibliographic metadata was checked against the canonical record.
lindvall1992,book,Torgny Lindvall,Lectures on the Coupling Method,Wiley,1992,,https://catalogue.bnf.fr/ark:/12148/cb37382125m,BnF catalogue record,manually_checked_2026-09-16,no,metadata_only,Bibliographic metadata was checked against the canonical record; no full-text calibration claim is made in this audit.
thorisson2000,book,Hermann Thorisson,"Coupling, Stationarity, and Regeneration",Springer,2000,,https://doi.org/10.1007/978-1-4612-1236-2,publisher/DOI record,manually_checked_2026-09-16,no,metadata_only,Bibliographic metadata was checked against the canonical record; no full-text calibration claim is made in this audit.
turkenburg2026,inproceedings,Ruben Turkenburg and Harsh Beohar and Franck van Breugel and Clemens Kupke and Jurriaan Rot,Constructing Witnesses for Lower Bounds on Behavioural Distances,34th EACSL Annual Conference on Computer Science Logic (CSL 2026),2026,25:1--25:22,https://doi.org/10.4230/LIPIcs.CSL.2026.25,Dagstuhl DROPS official record and abstract,manually_checked_2026-09-19,no,metadata_only,Current closest-method citation; official metadata and abstract were checked to distinguish lower-bound behavioural witnesses from this work's upper complete-transcript certificates. No full-text calibration claim is made.
desharnais2004,article,Jos\'ee Desharnais and Vineet Gupta and Radha Jagadeesan and Prakash Panangaden,Metrics for Labelled Markov Processes,Theoretical Computer Science,2004,323--354,https://doi.org/10.1016/j.tcs.2003.09.013,publisher/DOI record,manually_checked_2026-09-16,no,metadata_only,Bibliographic metadata was checked against the canonical record; no full-text calibration claim is made in this audit.
vanbreugel2005,article,Franck van Breugel and James Worrell,A Behavioural Pseudometric for Probabilistic Transition Systems,Theoretical Computer Science,2005,115--142,https://doi.org/10.1016/j.tcs.2004.09.035,publisher/DOI record,manually_checked_2026-09-16,no,metadata_only,Record corrected from a conference-style entry to Theoretical Computer Science 331(1):115--142.
bacci2013,inproceedings,Giorgio Bacci and Giovanni Bacci and Kim G. Larsen and Radu Mardare,"Computing Behavioural Distances, Compositionally",Mathematical Foundations of Computer Science,2013,74--85,https://doi.org/10.1007/978-3-642-40313-2_7,publisher/DOI record,manually_checked_2026-09-16,no,metadata_only,Bibliographic metadata was checked against the canonical record; no full-text calibration claim is made in this audit.
vlasman2025,inproceedings,Emily Vlasman and Anto Nanah Ji and James Worrell and Franck van Breugel,Explainability Is a Game for Probabilistic Bisimilarity Distances,36th International Conference on Concurrency Theory,2025,36:1--36:20,https://doi.org/10.4230/LIPIcs.CONCUR.2025.36,publisher/DOI record,manually_checked_2026-09-16,yes,adjacent venue/theory,Full text was used for the recorded calibration matrix; bibliographic metadata was checked against the canonical record.
makur2024,article,Anuran Makur and Japneet Singh,Doeblin Coefficients and Related Measures,IEEE Transactions on Information Theory,2024,4667--4692,https://doi.org/10.1109/TIT.2024.3367856,author arXiv record and official author publication list,manually_checked_2026-10-06,no,metadata_only,Canonical DOI corrected against arXiv:2309.08475v2 and the Purdue author publication list; Definition 2 and Theorems 3--4 checked for capacity and coupling context only; no whole-paper or additional full-text calibration claim.
makur2025,inproceedings,Anuran Makur and Japneet Singh,Bounds on Maximal Leakage over Bayesian Networks,2025 IEEE International Symposium on Information Theory,2025,1--6,https://doi.org/10.1109/ISIT63088.2025.11195488,publisher/DOI record,manually_checked_2026-09-16,no,metadata_only,"Uses the peer-reviewed 2025 IEEE ISIT publication record, pp. 1--6, not a preprint-only description."
hunter1976,article,David Hunter,An Upper Bound for the Probability of a Union,Journal of Applied Probability,1976,597--603,https://doi.org/10.1017/S0021900200104164,publisher/DOI record,manually_checked_2026-09-16,no,metadata_only,Canonical Cambridge DOI is used for the 1976 Journal of Applied Probability article.
fill2002,incollection,James Allen Fill and Motoya Machida,Realizable Monotonicity and Inverse Probability Transform,Distributions with Given Marginals and Statistical Modelling,2002,63--71,https://doi.org/10.1007/978-94-017-0061-0_8,publisher/DOI record,manually_checked_2026-09-16,no,metadata_only,Bibliographic metadata was checked against the canonical record; no full-text calibration claim is made in this audit.
kruskal1956,article,Joseph B. Kruskal,On the Shortest Spanning Subtree of a Graph and the Traveling Salesman Problem,Proceedings of the American Mathematical Society,1956,48--50,https://doi.org/10.1090/S0002-9939-1956-0078686-7,publisher/DOI record,manually_checked_2026-09-16,no,metadata_only,Bibliographic metadata was checked against the canonical record; no full-text calibration claim is made in this audit.
dwork2006,inproceedings,Cynthia Dwork and Frank McSherry and Kobbi Nissim and Adam Smith,Calibrating Noise to Sensitivity in Private Data Analysis,Theory of Cryptography Conference,2006,265--284,https://doi.org/10.1007/11681878_14,publisher/DOI record,manually_checked_2026-09-16,no,metadata_only,Bibliographic metadata was checked against the canonical record; no full-text calibration claim is made in this audit.
